{
  "RUN_DATE": "20260423",
  "BASELINE_FILE": "C:\\Users\\38730\\Desktop\\ACC102\\data\\model_output\\baseline_model_summary_int_20260423.json",
  "BOOSTED_FILE": "C:\\Users\\38730\\Desktop\\ACC102\\data\\model_output\\boosted_model_summary_int_20260423.json",
  "BASELINE_TEST_METRICS": {
    "MAE": 0.014080081708691065,
    "RMSE": 0.01800226753372201,
    "R2": 0.14102643997045483
  },
  "BOOSTED_TEST_METRICS": {
    "MAE": 0.03764115909479593,
    "RMSE": 0.042662020465027706,
    "R2": -3.824010144823845
  },
  "DELTA_RMSE": 0.024659752931305696,
  "DELTA_MAE": 0.023561077386104863,
  "DELTA_R2": -3.9650365847942997,
  "REGULARIZED_FILE": "C:\\Users\\38730\\Desktop\\ACC102\\data\\model_output\\regularized_model_summary_int_20260423.json",
  "REGULARIZED_TEST_METRICS": {
    "MAE": 0.011793288997784576,
    "RMSE": 0.015997707222159784,
    "R2": 0.3216702543912169
  },
  "DELTA_RMSE_REGULARIZED_VS_BASELINE": -0.0020045603115622264,
  "DELTA_MAE_REGULARIZED_VS_BASELINE": -0.0022867927109064892,
  "DELTA_R2_REGULARIZED_VS_BASELINE": 0.18064381442076205,
  "BEST_MODEL_BY_RMSE": "REGULARIZED",
  "BEST_MODEL_TEST_METRICS": {
    "MAE": 0.011793288997784576,
    "RMSE": 0.015997707222159784,
    "R2": 0.3216702543912169
  }
}