{
  "RUN_DATE": "20260424",
  "BASELINE_FILE": "C:\\Users\\38730\\Desktop\\ACC102\\data\\model_output\\baseline_model_summary_int_20260423.json",
  "BOOSTED_FILE": "C:\\Users\\38730\\Desktop\\ACC102\\data\\model_output\\boosted_model_summary_int_20260424.json",
  "BASELINE_TEST_METRICS": {
    "MAE": 0.014080081708691065,
    "RMSE": 0.01800226753372201,
    "R2": 0.14102643997045483
  },
  "BOOSTED_TEST_METRICS": {
    "MAE": 0.029125040770663115,
    "RMSE": 0.032852525971425205,
    "R2": -1.860638027911651
  },
  "DELTA_RMSE": 0.014850258437703195,
  "DELTA_MAE": 0.015044959061972049,
  "DELTA_R2": -2.001664467882106,
  "REGULARIZED_FILE": "C:\\Users\\38730\\Desktop\\ACC102\\data\\model_output\\regularized_model_summary_int_20260423.json",
  "REGULARIZED_TEST_METRICS": {
    "MAE": 0.011793288997784576,
    "RMSE": 0.015997707222159784,
    "R2": 0.3216702543912169
  },
  "DELTA_RMSE_REGULARIZED_VS_BASELINE": -0.0020045603115622264,
  "DELTA_MAE_REGULARIZED_VS_BASELINE": -0.0022867927109064892,
  "DELTA_R2_REGULARIZED_VS_BASELINE": 0.18064381442076205,
  "DELTA_RMSE_BOOSTED_VS_REGULARIZED": 0.01685481874926542,
  "DELTA_MAE_BOOSTED_VS_REGULARIZED": 0.01733175177287854,
  "DELTA_R2_BOOSTED_VS_REGULARIZED": -2.182308282302868,
  "BEST_MODEL_BY_RMSE": "REGULARIZED",
  "BEST_MODEL_TEST_METRICS": {
    "MAE": 0.011793288997784576,
    "RMSE": 0.015997707222159784,
    "R2": 0.3216702543912169
  },
  "BASELINE_WALK_FORWARD_FILE": "C:\\Users\\38730\\Desktop\\ACC102\\data\\model_output\\walk_forward_summary_int_20260423.json",
  "BASELINE_WALK_FORWARD_METRICS": {
    "MAE": 0.011346924803062415,
    "RMSE": 0.015378276733008357,
    "R2": 0.15504122734392034
  },
  "REGULARIZED_WALK_FORWARD_FILE": "C:\\Users\\38730\\Desktop\\ACC102\\data\\model_output\\walk_forward_regularized_summary_int_20260423.json",
  "REGULARIZED_WALK_FORWARD_METRICS": {
    "MAE": 0.01023585271560358,
    "RMSE": 0.014165845953698457,
    "R2": 0.28302303113572014
  },
  "BOOSTED_WALK_FORWARD_FILE": "C:\\Users\\38730\\Desktop\\ACC102\\data\\model_output\\walk_forward_boosted_summary_int_20260424.json",
  "BOOSTED_WALK_FORWARD_METRICS": {
    "MAE": 0.010261215657085264,
    "RMSE": 0.014088568400213743,
    "R2": 0.2908242030752154
  },
  "DELTA_RMSE_BOOSTED_VS_REGULARIZED_WALK_FORWARD": -7.727755348471352e-05,
  "DELTA_MAE_BOOSTED_VS_REGULARIZED_WALK_FORWARD": 2.536294148168354e-05,
  "DELTA_R2_BOOSTED_VS_REGULARIZED_WALK_FORWARD": 0.007801171939495255
}